selenug1,PoloChau
BChastainAuthor,PoloChau
meeagnihotri,PoloChau
SilverCat89,PoloChau
paulinhaappel,PoloChau
fishlinghu,PoloChau
yuvalpi,PoloChau
IgnacioRecasens,PoloChau
ValeBecker,PoloChau
willgao1994,PoloChau
Joeraining,selenug1
MarketTaco,selenug1
vicould,selenug1
three_cube,selenug1
prajitdas,selenug1
pobrebolu,selenug1
TN_Ballplayers,BChastainAuthor
pranavcurrylove,BChastainAuthor
PlayerCT,BChastainAuthor
BaseballTips4U,BChastainAuthor
JynxMoto,BChastainAuthor
raidschmitt,BChastainAuthor
1Dream_2Love,BChastainAuthor
NataliaMarsilia,BChastainAuthor
simatoconsult,BChastainAuthor
Usherfeasterco,BChastainAuthor
techiecorner,meeagnihotri
embwall,meeagnihotri
chadstolper,meeagnihotri
DebaratiDG23,meeagnihotri
samarthnadig,meeagnihotri
ajays1792,meeagnihotri
ManishGondhkar,meeagnihotri
vishalmbabu,meeagnihotri
VIPINPARAMESH,meeagnihotri
pant_abhinav,meeagnihotri
arangodb,SilverCat89
motionaris,SilverCat89
ryan_a_bell,SilverCat89
PatricioCachago,SilverCat89
ChuckGuam,SilverCat89
ScuderiaFansF1,SilverCat89
johnrampton,SilverCat89
ZeroSlope,SilverCat89
TheFitnessBible,SilverCat89
conchoss,SilverCat89
MIBEBEALAN,fishlinghu
joechen802,fishlinghu
ylli_boris,fishlinghu
art19941122,fishlinghu
asher_stern,yuvalpi
ks445599,yuvalpi
CharlesWieand,yuvalpi
LeahHouri,yuvalpi
ZiatMoshe,yuvalpi
KvngXan,yuvalpi
chump9,yuvalpi
ExMaahal,yuvalpi
telavivtimes1,yuvalpi
barbaharfilm,yuvalpi
AnnieGarzar,IgnacioRecasens
kinesportjose,IgnacioRecasens
Banco_Falabella,IgnacioRecasens
Kanallas_FC,IgnacioRecasens
DonDatos,IgnacioRecasens
XmVenezuela,IgnacioRecasens
StoneCeci,IgnacioRecasens
AccountPremium5,IgnacioRecasens
SanBlasPMA,IgnacioRecasens
neworleansclub4,IgnacioRecasens
nelson_alvare,ValeBecker
Bellebelk,ValeBecker
mauricioeguezim,ValeBecker
crissd2s,ValeBecker
perezsilvajose1,ValeBecker
sebastiandres83,ValeBecker
Preitich,ValeBecker
Costa5Ricardo,ValeBecker
LETICIACNN,ValeBecker
HamiltonBreina,ValeBecker
larrykim,willgao1994
JoeAntouri,willgao1994
ViralFitness,willgao1994
DCFitVA,willgao1994
bodybuilding457,willgao1994
minh_bui2nd,willgao1994
AnavarResultsEd,willgao1994
GeorgiaTech_ECE,willgao1994
gtcomputing,willgao1994
Men_Fitness_,willgao1994
